source	source_desc	source_id	target	target_desc	target_id	weight
GeneSym	UniProtACC	GeneID	GO Phrase	GO	NA	weight
E2F8	A0AVK6	79733	serine-type endopeptidase activity	GO:0016279	na	1.0
ESYT2	A0FGR8	57488	GTPase activator activity	GO:0016279	na	1.0
SH3PXD2B	A1X283	285590	Rab GTPase binding	GO:0016279	na	1.0
CNOT1	A5YKK6	23019	RNA binding	GO:0016279	na	1.0
PGP	A6NDG6	283871	ubiquitin protein ligase activity	GO:0016279	na	1.0
GNAT3	A8MTJ3	346562	ubiquitin protein ligase activity involved in ERAD pathway	GO:0016279	na	1.0
SGK1	O00141	6446	RNA polymerase II core promoter proximal region sequence-specific DNA binding	GO:0016279	na	1.0
ACOT7	O00154	11332	core promoter binding	GO:0016279	na	1.0
KCNK1	O00180	3775	transcriptional repressor activity, RNA polymerase II core promoter proximal region sequence-specific binding	GO:0016279	na	1.0
SULT2B1	O00204	6820	transcription factor activity, sequence-specific DNA binding	GO:0016279	na	1.0
TAF4	O00268	6874	transcription corepressor activity	GO:0016279	na	1.0
HIP1	O00291	3092	calcium ion binding	GO:0016279	na	1.0
ARNTL	O00327	406	calcium-dependent phospholipid binding	GO:0016279	na	1.0
PIK3CD	O00329	5293	phosphatidylcholine binding	GO:0016279	na	1.0
PDE2A	O00408	5138	phosphatidylinositol binding	GO:0016279	na	1.0
DNM1L	O00429	10059	cadherin binding	GO:0016279	na	1.0
PIK3R2	O00459	5296	actin filament binding	GO:0016279	na	1.0
AGRN	O00468	375790	magnesium ion binding	GO:0016279	na	1.0
SLC17A3	O00476	10786	protein kinase binding	GO:0016279	na	1.0
NR5A2	O00482	2494	protein serine/threonine kinase activator activity	GO:0016279	na	1.0
SDCBP	O00560	6386	organic anion transmembrane transporter activity	GO:0016279	na	1.0
DDX3X	O00571	1654	Rho guanyl-nucleotide exchange factor activity	GO:0016279	na	1.0
PDXK	O00764	8566	heme binding	GO:0016279	na	1.0
BHLHE40	O14503	8553	laminin binding	GO:0016279	na	1.0
NDUFAB1	O14561	4706	phosphatidylinositol-5-phosphate binding	GO:0016279	na	1.0
CCS	O14618	9973	phosphatidylinositol-3-phosphate binding	GO:0016279	na	1.0
ADAM10	O14672	102	SH2 domain binding	GO:0016279	na	1.0
MAP2K7	O14733	5609	phosphatidylinositol-4-phosphate binding	GO:0016279	na	1.0
ACOT8	O14734	10005	phosphatidylinositol-3,5-bisphosphate binding	GO:0016279	na	1.0
PRMT5	O14744	10419	structural constituent of cytoskeleton	GO:0016279	na	1.0
SLC9A3R1	O14745	9368	protein tyrosine phosphatase activity	GO:0016279	na	1.0
MEIS2	O14770	4212	ATP-dependent RNA helicase activity	GO:0016279	na	1.0
BACH1	O14867	571	tRNA binding	GO:0016279	na	1.0
IKBKB	O14920	3551	iron ion binding	GO:0016279	na	1.0
EREG	O14944	2069	oxidoreductase activity, acting on paired donors, with incorporation or reduction of molecular oxygen, 2-oxoglutarate as one donor, and incorporation of one atom each of oxygen into both donors	GO:0016279	na	1.0
AURKA	O14965	6790	protein homodimerization activity	GO:0016279	na	1.0
RAB29	O14966	8934	amyloid-beta binding	GO:0016279	na	1.0
PIP5K1B	O14986	8395	protein serine/threonine phosphatase activity	GO:0016279	na	1.0
SYNJ2	O15056	8871	single-stranded DNA binding	GO:0016279	na	1.0
SMAD7	O15105	4092	ATPase activity	GO:0016279	na	1.0
TBX3	O15119	6926	transmembrane signaling receptor activity	GO:0016279	na	1.0
PLSCR1	O15162	5359	actin binding	GO:0016279	na	1.0
TRIM24	O15164	8805	peptidase activity	GO:0016279	na	1.0
AXIN1	O15169	8312	signal transducer activity	GO:0016279	na	1.0
T	O15178	6862	ubiquitin protein ligase binding	GO:0016279	na	1.0
SLC22A2	O15244	6582	estrogen receptor binding	GO:0016279	na	1.0
SLC22A1	O15245	6580	protein complex scaffold	GO:0016279	na	1.0
TCAP	O15273	8557	retinoic acid receptor binding	GO:0016279	na	1.0
OGT	O15294	8473	armadillo repeat domain binding	GO:0016279	na	1.0
RAD51B	O15315	5890	microtubule binding	GO:0016279	na	1.0
TP73	O15350	7161	ubiquitin-protein transferase activity	GO:0016279	na	1.0
GPR37	O15354	2861	phosphoprotein phosphatase activity	GO:0016279	na	1.0
HDAC3	O15379	8841	methyl-CpG binding	GO:0016279	na	1.0
FOXP2	O15409	93986	metalloendopeptidase activity	GO:0016279	na	1.0
ABCC3	O15438	8714	mRNA binding	GO:0016279	na	1.0
CLOCK	O15516	9575	dynein complex binding	GO:0016279	na	1.0
FGF10	O15520	2255	RNA polymerase II transcription factor activity, sequence-specific DNA binding	GO:0016279	na	1.0
NKX2-8	O15522	26257	copper ion binding	GO:0016279	na	1.0
OGG1	O15527	4968	transcriptional activator activity, RNA polymerase II core promoter proximal region sequence-specific binding	GO:0016279	na	1.0
PDPK1	O15530	5170	protein kinase inhibitor activity	GO:0016279	na	1.0
TAPBP	O15533	6892	inorganic anion exchanger activity	GO:0016279	na	1.0
PER1	O15534	5187	RNA polymerase II regulatory region sequence-specific DNA binding	GO:0016279	na	1.0
P2RX6	O15547	9127	transcriptional activator activity, RNA polymerase II transcription regulatory region sequence-specific binding	GO:0016279	na	1.0
CRX	O43186	1406	hormone activity	GO:0016279	na	1.0
DAPK3	O43293	1613	syntaxin binding	GO:0016279	na	1.0
PPIP5K2	O43314	23262	protein binding involved in protein folding	GO:0016279	na	1.0
AQP9	O43315	366	endoribonuclease activity	GO:0016279	na	1.0
RIPK2	O43353	8767	amino acid transmembrane transporter activity	GO:0016279	na	1.0
TXNL1	O43396	9352	thiol-dependent ubiquitin-specific protease activity	GO:0016279	na	1.0
SYNJ1	O43426	8867	Lys63-specific deubiquitinase activity	GO:0016279	na	1.0
SUV39H1	O43463	6839	RNA cap binding	GO:0016279	na	1.0
KLF4	O43474	9314	alpha-tubulin binding	GO:0016279	na	1.0
RAD51C	O43502	5889	chloride channel activity	GO:0016279	na	1.0
SLC26A4	O43511	5172	phosphatase binding	GO:0016279	na	1.0
FOXO3	O43524	2309	DNA binding	GO:0016279	na	1.0
SMAD6	O43541	4091	double-stranded DNA binding	GO:0016279	na	1.0
XRCC3	O43542	7517	G-protein coupled receptor binding	GO:0016279	na	1.0
XRCC2	O43543	7516	GTPase activity	GO:0016279	na	1.0
RGS14	O43566	10636	GTP binding	GO:0016279	na	1.0
HR	O43593	55806	G-protein beta/gamma-subunit complex binding	GO:0016279	na	1.0
TCF21	O43680	6943	SUMO transferase activity	GO:0016279	na	1.0
ACTN4	O43707	81	serine-type endopeptidase inhibitor activity	GO:0016279	na	1.0
ENSA	O43768	2029	transcription factor activity, RNA polymerase II distal enhancer sequence-specific binding	GO:0016279	na	1.0
MYO1B	O43795	4430	voltage-gated potassium channel activity	GO:0016279	na	1.0
SLC25A17	O43808	10478	potassium channel activity	GO:0016279	na	1.0
NUDT21	O43809	11051	phosphatidylinositol-4,5-bisphosphate binding	GO:0016279	na	1.0
LANCL1	O43813	10314	phosphatidylinositol-3,4,5-trisphosphate binding	GO:0016279	na	1.0
VEGFD	O43915	2277	phosphatidylinositol-3,4-bisphosphate binding	GO:0016279	na	1.0
AIRE	O43918	326	SH3 domain binding	GO:0016279	na	1.0
CXCL13	O43927	10563	histone demethylase activity (H3-K9 specific)	GO:0016279	na	1.0
MED14	O60244	9282	translation initiation factor activity	GO:0016279	na	1.0
FGF17	O60258	8822	ubiquitin binding	GO:0016279	na	1.0
PRKN	O60260	5071	cytokine activity	GO:0016279	na	1.0
KDM1A	O60341	23028	FAD binding	GO:0016279	na	1.0
SNX3	O60493	8724	motor activity	GO:0016279	na	1.0
CCNT1	O60563	904	protein serine/threonine kinase activity	GO:0016279	na	1.0
CCNT2	O60583	905	protein serine/threonine/tyrosine kinase activity	GO:0016279	na	1.0
TLR2	O60603	7097	calcium channel regulator activity	GO:0016279	na	1.0
JAK2	O60674	3717	potassium channel regulator activity	GO:0016279	na	1.0
ABCC9	O60706	10060	sodium channel regulator activity	GO:0016279	na	1.0
SLC24A1	O60721	9187	chloride channel regulator activity	GO:0016279	na	1.0
HCN1	O60741	348980	protein heterodimerization activity	GO:0016279	na	1.0
SNX2	O60749	6643	ATP binding	GO:0016279	na	1.0
HPGDS	O60760	27306	transcription coactivator activity	GO:0016279	na	1.0
DKC1	O60832	1736	receptor agonist activity	GO:0016279	na	1.0
EDF1	O60869	8721	transporter activity	GO:0016279	na	1.0
CPNE3	O75131	8895	GDP binding	GO:0016279	na	1.0
HIP1R	O75146	9026	protein phosphatase binding	GO:0016279	na	1.0
PHF2	O75151	5253	cholesterol binding	GO:0016279	na	1.0
KDM4A	O75164	9682	steroid hormone binding	GO:0016279	na	1.0
DUSP11	O75319	8446	lipopolysaccharide binding	GO:0016279	na	1.0
H2AFY	O75367	9555	protease binding	GO:0016279	na	1.0
NCOR1	O75376	9611	G-protein coupled receptor activity	GO:0016279	na	1.0
ULK1	O75385	8408	bHLH transcription factor binding	GO:0016279	na	1.0
POLQ	O75417	10721	glycoprotein binding	GO:0016279	na	1.0
MED24	O75448	9862	transmembrane receptor protein serine/threonine kinase activity	GO:0016279	na	1.0
ERN1	O75460	2081	phosphatidylinositol phospholipase C activity	GO:0016279	na	1.0
TADA3	O75528	10474	SUMO binding	GO:0016279	na	1.0
LRP6	O75581	4040	aryl hydrocarbon receptor binding	GO:0016279	na	1.0
FOXH1	O75593	8928	transcription factor activity, RNA polymerase II core promoter sequence-specific binding involved in preinitiation complex assembly	GO:0016279	na	1.0
RAD51D	O75771	5892	epidermal growth factor receptor binding	GO:0016279	na	1.0
KLF7	O75840	8609	transforming growth factor beta receptor binding	GO:0016279	na	1.0
IDH1	O75874	3417	protein complex binding	GO:0016279	na	1.0
CCNK	O75909	8812	calcium channel activity	GO:0016279	na	1.0
PIAS1	O75925	8554	voltage-gated calcium channel activity	GO:0016279	na	1.0
CDKL5	O76039	6792	RNA polymerase II transcription factor binding	GO:0016279	na	1.0
SLC22A5	O76082	6584	protein kinase activity	GO:0016279	na	1.0
FGF18	O76093	8817	kinase activity	GO:0016279	na	1.0
SRP72	O76094	6731	transcription regulatory region sequence-specific DNA binding	GO:0016279	na	1.0
TRPM2	O94759	7226	transcription factor activity, RNA polymerase II core promoter proximal region sequence-specific binding	GO:0016279	na	1.0
RECQL4	O94761	9401	sequence-specific DNA binding	GO:0016279	na	1.0
RECQL5	O94762	9400	Hsp90 protein binding	GO:0016279	na	1.0
MTA2	O94776	9219	repressing transcription factor binding	GO:0016279	na	1.0
SLIT2	O94813	9353	E-box binding	GO:0016279	na	1.0
TRIM37	O94972	4591	1-phosphatidylinositol-3-kinase activity	GO:0016279	na	1.0
SNX4	O95219	8723	phosphatidylinositol-4,5-bisphosphate 3-kinase activity	GO:0016279	na	1.0
RASGRP1	O95267	10125	3',5'-cyclic-AMP phosphodiesterase activity	GO:0016279	na	1.0
VAPB	O95292	9217	cAMP binding	GO:0016279	na	1.0
BMP10	O95393	27302	TPR domain binding	GO:0016279	na	1.0
PARN	O95453	5073	GTPase inhibitor activity	GO:0016279	na	1.0
LARGE1	O95461	9215	translation factor activity, RNA binding	GO:0016279	na	1.0
ABCA1	O95477	19	histone deacetylase activity	GO:0016279	na	1.0
TDP2	O95551	51567	tubulin binding	GO:0016279	na	1.0
NFATC1	O95644	4772	mRNA 3'-UTR binding	GO:0016279	na	1.0
ESRRB	O95718	2103	mRNA 5'-UTR binding	GO:0016279	na	1.0
LATS1	O95835	9113	Ras guanyl-nucleotide exchange factor activity	GO:0016279	na	1.0
MBD3	O95983	53615	phosphotyrosine residue binding	GO:0016279	na	1.0
NUDT3	O95989	11165	receptor tyrosine kinase binding	GO:0016279	na	1.0
BCL10	O95999	8915	thioesterase binding	GO:0016279	na	1.0
HAND1	O96004	9421	heparan sulfate proteoglycan binding	GO:0016279	na	1.0
ALDH1A1	P00352	216	RNA polymerase II distal enhancer sequence-specific DNA binding	GO:0016279	na	1.0
GLUD1	P00367	2746	RNA polymerase II transcription factor activity, ligand-activated sequence-specific DNA binding	GO:0016279	na	1.0
DHFR	P00374	1719	phospholipid binding	GO:0016279	na	1.0
SOD1	P00441	6647	transcription regulatory region DNA binding	GO:0016279	na	1.0
ABL1	P00519	25	metallopeptidase activity	GO:0016279	na	1.0
EGFR	P00533	1956	zinc ion binding	GO:0016279	na	1.0
F2	P00734	2147	tau protein binding	GO:0016279	na	1.0
PLG	P00747	5340	RNA polymerase binding	GO:0016279	na	1.0
AGT	P01019	183	signal transducer, downstream of receptor, with serine/threonine kinase activity	GO:0016279	na	1.0
A2M	P01023	2	cysteine-type peptidase activity	GO:0016279	na	1.0
FOS	P01100	2353	co-SMAD binding	GO:0016279	na	1.0
MYC	P01106	4609	Tat protein binding	GO:0016279	na	1.0
PDGFB	P01127	5155	phosphatidic acid binding	GO:0016279	na	1.0
LDLR	P01130	3949	snoRNA binding	GO:0016279	na	1.0
EGF	P01133	1950	core promoter sequence-specific DNA binding	GO:0016279	na	1.0
TGFB1	P01137	7040	ATP-dependent DNA helicase activity	GO:0016279	na	1.0
AVP	P01185	551	poly(A) binding	GO:0016279	na	1.0
POMC	P01189	5443	RNA strand annealing activity	GO:0016279	na	1.0
PTH	P01270	5741	ribosomal small subunit binding	GO:0016279	na	1.0
IGF2	P01344	3481	transcription cofactor activity	GO:0016279	na	1.0
JCHAIN	P01591	3512	metal ion binding	GO:0016279	na	1.0
CD4	P01730	920	enzyme inhibitor activity	GO:0016279	na	1.0
APOA1	P02647	335	ATPase binding	GO:0016279	na	1.0
APOE	P02649	348	pyridoxal phosphate binding	GO:0016279	na	1.0
APOA2	P02652	336	potassium ion binding	GO:0016279	na	1.0
APOC1	P02654	341	sodium ion binding	GO:0016279	na	1.0
APOC2	P02655	344	oxidoreductase activity	GO:0016279	na	1.0
APOC3	P02656	345	SH3/SH2 adaptor activity	GO:0016279	na	1.0
CHRNA1	P02708	1134	ligand-dependent nuclear receptor binding	GO:0016279	na	1.0
SLC4A1	P02730	6521	RNA polymerase II activating transcription factor binding	GO:0016279	na	1.0
CRP	P02741	1401	insulin-like growth factor receptor binding	GO:0016279	na	1.0
FN1	P02751	2335	protein tyrosine kinase activity	GO:0016279	na	1.0
AMBP	P02760	259	DNA polymerase binding	GO:0016279	na	1.0
ALB	P02768	213	phospholipid transporter activity	GO:0016279	na	1.0
TFRC	P02786	7037	fatty acid binding	GO:0016279	na	1.0
LTF	P02788	4057	spectrin binding	GO:0016279	na	1.0
ESR1	P03372	2099	PDZ domain binding	GO:0016279	na	1.0
ANG	P03950	283	histone demethylase activity	GO:0016279	na	1.0
CAT	P04040	847	protein disulfide oxidoreductase activity	GO:0016279	na	1.0
RAF1	P04049	5894	heparin binding	GO:0016279	na	1.0
ALDOA	P04075	226	methylated histone binding	GO:0016279	na	1.0
ANXA1	P04083	301	insulin receptor binding	GO:0016279	na	1.0
PDGFA	P04085	5154	kinesin binding	GO:0016279	na	1.0
APOB	P04114	338	endopeptidase activity	GO:0016279	na	1.0
NR3C1	P04150	2908	integrin binding	GO:0016279	na	1.0
HRG	P04196	3273	ATPase activity, coupled to transmembrane movement of substances	GO:0016279	na	1.0
CD74	P04233	972	histone-lysine N-methyltransferase activity	GO:0016279	na	1.0
S100B	P04271	6285	cysteine-type endopeptidase activator activity involved in apoptotic process	GO:0016279	na	1.0
VWF	P04275	7450	MAP kinase kinase activity	GO:0016279	na	1.0
GAPDH	P04406	2597	beta-tubulin binding	GO:0016279	na	1.0
ERBB2	P04626	2064	histone-arginine N-methyltransferase activity	GO:0016279	na	1.0
NTRK1	P04629	4914	protein-arginine N-methyltransferase activity	GO:0016279	na	1.0
TP53	P04637	7157	RNA polymerase II repressing transcription factor binding	GO:0016279	na	1.0
HSPB1	P04792	3315	RNA polymerase II transcription corepressor activity	GO:0016279	na	1.0
GNAI2	P04899	2771	coreceptor activity	GO:0016279	na	1.0
ATP1A1	P05023	476	protein binding, bridging	GO:0016279	na	1.0
ATP1B1	P05026	481	guanyl-nucleotide exchange factor activity	GO:0016279	na	1.0
ITGB3	P05106	3690	Hsp70 protein binding	GO:0016279	na	1.0
S100A8	P05109	6279	mitogen-activated protein kinase kinase kinase binding	GO:0016279	na	1.0
SERPINA5	P05154	5104	ferrous iron binding	GO:0016279	na	1.0
CYP1A2	P05177	1544	myosin binding	GO:0016279	na	1.0
CYP2E1	P05181	1571	histone acetyltransferase activity	GO:0016279	na	1.0
FGF1	P05230	2246	growth factor activity	GO:0016279	na	1.0
JUN	P05412	3725	transcription factor activity, transcription factor binding	GO:0016279	na	1.0
SSB	P05455	6741	phosphatidylinositol-3-phosphatase activity	GO:0016279	na	1.0
TFAP2A	P05549	7020	Rho GTPase binding	GO:0016279	na	1.0
ITGB1	P05556	3688	signal transducer activity, downstream of receptor	GO:0016279	na	1.0
PRKCB	P05771	5579	type I transforming growth factor beta receptor binding	GO:0016279	na	1.0
INSR	P06213	3643	activin binding	GO:0016279	na	1.0
LCK	P06239	3932	I-SMAD binding	GO:0016279	na	1.0
FYN	P06241	2534	lysine-acetylated histone binding	GO:0016279	na	1.0
RB1	P06400	5925	R-SMAD binding	GO:0016279	na	1.0
CDK1	P06493	983	flavin adenine dinucleotide binding	GO:0016279	na	1.0
ATP5B	P06576	506	thiol-dependent ubiquitinyl hydrolase activity	GO:0016279	na	1.0
S100A9	P06702	6280	titin binding	GO:0016279	na	1.0
APOA4	P06727	337	damaged DNA binding	GO:0016279	na	1.0
EIF4E	P06730	1977	histone acetyltransferase activity (H4-K5 specific)	GO:0016279	na	1.0
ENO1	P06733	2023	histone acetyltransferase activity (H4-K8 specific)	GO:0016279	na	1.0
PYGL	P06737	5836	histone acetyltransferase activity (H4-K16 specific)	GO:0016279	na	1.0
NPM1	P06748	4869	mitogen-activated protein kinase binding	GO:0016279	na	1.0
ITGAV	P06756	3685	recombinase activity	GO:0016279	na	1.0
P4HB	P07237	5034	DNA-dependent ATPase activity	GO:0016279	na	1.0
ANXA2	P07355	302	four-way junction DNA binding	GO:0016279	na	1.0
CHRNG	P07510	1146	endodeoxyribonuclease activity	GO:0016279	na	1.0
ADRB2	P07550	154	enzyme activator activity	GO:0016279	na	1.0
PSAP	P07602	5660	DNA binding, bending	GO:0016279	na	1.0
CTSL	P07711	1514	RNA polymerase II transcription coactivator activity	GO:0016279	na	1.0
PFN1	P07737	5216	protein deacetylase activity	GO:0016279	na	1.0
CD3E	P07766	916	histone deacetylase binding	GO:0016279	na	1.0
CTSB	P07858	1508	NF-kappaB binding	GO:0016279	na	1.0
HSP90AA1	P07900	3320	double-stranded RNA binding	GO:0016279	na	1.0
HNRNPC	P07910	3183	chemoattractant activity	GO:0016279	na	1.0
ERCC1	P07992	2067	phospholipase A2 activity	GO:0016279	na	1.0
THBS1	P07996	7057	single-stranded RNA binding	GO:0016279	na	1.0
SP1	P08047	6667	transcriptional activator activity, RNA polymerase II transcription factor binding	GO:0016279	na	1.0
IGF1R	P08069	3480	chromatin DNA binding	GO:0016279	na	1.0
ANXA6	P08133	309	fibroblast growth factor receptor binding	GO:0016279	na	1.0
NGFR	P08138	4804	endonuclease activity	GO:0016279	na	1.0
ABCB1	P08183	5243	DNA N-glycosylase activity	GO:0016279	na	1.0
SLC3A2	P08195	6520	oxidized purine DNA binding	GO:0016279	na	1.0
HSP90AB1	P08238	3326	phospholipase binding	GO:0016279	na	1.0
ELANE	P08246	1991	MHC class I protein binding	GO:0016279	na	1.0
ADH4	P08319	127	kinase binding	GO:0016279	na	1.0
MME	P08473	4311	phosphatidylserine binding	GO:0016279	na	1.0
INHBA	P08476	3624	RNA helicase activity	GO:0016279	na	1.0
ADRB1	P08588	153	protein kinase A catalytic subunit binding	GO:0016279	na	1.0
CYP3A4	P08684	1576	protein kinase A regulatory subunit binding	GO:0016279	na	1.0
IL3	P08700	3562	retinoic acid binding	GO:0016279	na	1.0
GNAI3	P08754	2773	nuclear hormone receptor binding	GO:0016279	na	1.0
IL6R	P08887	3570	leucine zipper domain binding	GO:0016279	na	1.0
ADRA2A	P08913	150	MAP kinase kinase kinase activity	GO:0016279	na	1.0
FGF2	P09038	2247	androgen receptor binding	GO:0016279	na	1.0
SNRPC	P09234	6631	Rac GTPase binding	GO:0016279	na	1.0
VIL1	P09327	7429	actin monomer binding	GO:0016279	na	1.0
HMGB1	P09429	3146	inositol-1,3,4,5,6-pentakisphosphate kinase activity	GO:0016279	na	1.0
GNAO1	P09471	2775	inositol hexakisphosphate kinase activity	GO:0016279	na	1.0
INHBB	P09529	3625	inositol heptakisphosphate kinase activity	GO:0016279	na	1.0
PDGFRB	P09619	5159	collagen binding	GO:0016279	na	1.0
HNRNPA1	P09651	3178	fibroblast growth factor binding	GO:0016279	na	1.0
CTSH	P09668	1512	peptidyl-prolyl cis-trans isomerase activity	GO:0016279	na	1.0
CD3G	P09693	917	histone methyltransferase activity	GO:0016279	na	1.0
FGR	P09769	2268	core promoter proximal region sequence-specific DNA binding	GO:0016279	na	1.0
PARP1	P09874	142	glucuronosyltransferase activity	GO:0016279	na	1.0
UCHL1	P09936	7345	bicarbonate transmembrane transporter activity	GO:0016279	na	1.0
FURIN	P09958	5045	chloride transmembrane transporter activity	GO:0016279	na	1.0
LTA4H	P09960	4048	sulfate transmembrane transporter activity	GO:0016279	na	1.0
H2AFZ	P0C0S5	3015	anion:anion antiporter activity	GO:0016279	na	1.0
PLA2G4B	P0C869	100137049	oxalate transmembrane transporter activity	GO:0016279	na	1.0
HSPA1A	P0DMV8	3303	transcriptional repressor activity, RNA polymerase II transcription regulatory region sequence-specific binding	GO:0016279	na	1.0
HSPA1B	P0DMV9	3304	ankyrin binding	GO:0016279	na	1.0
GLI3	P10071	2737	cysteine-type endopeptidase inhibitor activity involved in apoptotic process	GO:0016279	na	1.0
CCL3	P10147	6348	receptor signaling complex scaffold activity	GO:0016279	na	1.0
AR	P10275	367	ribosome binding	GO:0016279	na	1.0
RARA	P10276	5914	ligand-dependent nuclear receptor transcription coactivator activity	GO:0016279	na	1.0
ACR	P10323	49	protein phosphatase regulator activity	GO:0016279	na	1.0
BCL2	P10415	596	protein phosphatase 2A binding	GO:0016279	na	1.0
NR2F6	P10588	2063	microfilament motor activity	GO:0016279	na	1.0
NR2F1	P10589	7025	low-density lipoprotein particle receptor binding	GO:0016279	na	1.0
TXN	P10599	7295	aminopeptidase activity	GO:0016279	na	1.0
TGFB3	P10600	7043	platelet-derived growth factor receptor binding	GO:0016279	na	1.0
MAPT	P10636	4137	RNA polymerase II transcription cofactor activity	GO:0016279	na	1.0
KIT	P10721	3815	vitamin D receptor binding	GO:0016279	na	1.0
HSPD1	P10809	3329	ubiquitin conjugating enzyme binding	GO:0016279	na	1.0
HSPA5	P11021	3309	ubiquitin-specific protease binding	GO:0016279	na	1.0
HSPA8	P11142	3312	telomeric DNA binding	GO:0016279	na	1.0
EGR2	P11161	1959	transcription coactivator binding	GO:0016279	na	1.0
CHRNB1	P11230	1140	transcription factor activity, RNA polymerase II core promoter sequence-specific	GO:0016279	na	1.0
RALA	P11233	5898	3'-5' exonuclease activity	GO:0016279	na	1.0
RALB	P11234	5899	non-membrane spanning protein tyrosine kinase activity	GO:0016279	na	1.0
ERG	P11308	2078	calcium, potassium:sodium antiporter activity	GO:0016279	na	1.0
FGFR1	P11362	2260	monooxygenase activity	GO:0016279	na	1.0
TOP1	P11387	7150	telomerase RNA binding	GO:0016279	na	1.0
TOP2A	P11388	7153	ATPase activator activity	GO:0016279	na	1.0
VDR	P11473	7421	RNA polymerase II core binding	GO:0016279	na	1.0
GNAT1	P11488	2779	cysteine-type endopeptidase activity	GO:0016279	na	1.0
DMD	P11532	1756	nitric-oxide synthase binding	GO:0016279	na	1.0
MTHFD1	P11586	4522	oxidoreductase activity, acting on NAD(P)H, quinone or similar compound as acceptor	GO:0016279	na	1.0
CETP	P11597	1071	phosphatase activity	GO:0016279	na	1.0
CYP2C9	P11712	1559	RNA polymerase II core promoter sequence-specific DNA binding	GO:0016279	na	1.0
SRF	P11831	6722	nucleosomal DNA binding	GO:0016279	na	1.0
PABPC1	P11940	26986	thyroid hormone receptor binding	GO:0016279	na	1.0
PCNA	P12004	5111	GTPase binding	GO:0016279	na	1.0
FGF5	P12034	2250	5'-3' exonuclease activity	GO:0016279	na	1.0
NEFH	P12036	4744	ADP binding	GO:0016279	na	1.0
TPR	P12270	7175	low-density lipoprotein receptor activity	GO:0016279	na	1.0
BMP2	P12643	650	enhancer binding	GO:0016279	na	1.0
SKI	P12755	6497	gamma-tubulin binding	GO:0016279	na	1.0
ACTN1	P12814	87	calcium-release channel activity	GO:0016279	na	1.0
ACE	P12821	1636	cyclin-dependent protein serine/threonine kinase activity	GO:0016279	na	1.0
SRC	P12931	6714	RNA polymerase II carboxy-terminal domain kinase activity	GO:0016279	na	1.0
XRCC6	P12956	2547	transmembrane transporter activity	GO:0016279	na	1.0
XRCC5	P13010	7520	acetylcholine receptor activity	GO:0016279	na	1.0
MYF5	P13349	4617	NADP binding	GO:0016279	na	1.0
CCL5	P13501	6352	disordered domain specific binding	GO:0016279	na	1.0
MYH6	P13533	4624	bubble DNA binding	GO:0016279	na	1.0
MYH8	P13535	4626	helicase activity	GO:0016279	na	1.0
CFTR	P13569	1080	four-way junction helicase activity	GO:0016279	na	1.0
CEACAM1	P13688	634	ATP-dependent 3'-5' DNA helicase activity	GO:0016279	na	1.0
ANXA8	P13928	653145	DNA helicase activity	GO:0016279	na	1.0
ADRB3	P13945	155	proteoglycan binding	GO:0016279	na	1.0
MTHFD2	P13995	10797	actin-dependent ATPase activity	GO:0016279	na	1.0
MIF	P14174	4282	tumor necrosis factor receptor binding	GO:0016279	na	1.0
HGF	P14210	3082	lipid transporter activity	GO:0016279	na	1.0
NCF1	P14598	653361	delayed rectifier potassium channel activity	GO:0016279	na	1.0
HOXB1	P14653	3211	NAD+ ADP-ribosyltransferase activity	GO:0016279	na	1.0
TYR	P14679	7299	histone acetyltransferase binding	GO:0016279	na	1.0
IDE	P14735	3416	1-phosphatidylinositol binding	GO:0016279	na	1.0
MMP9	P14780	4318	antioxidant activity	GO:0016279	na	1.0
POU2F1	P14859	5451	nuclease activity	GO:0016279	na	1.0
ETS1	P14921	2113	manganese ion binding	GO:0016279	na	1.0
JUP	P14923	3728	cholesterol transporter activity	GO:0016279	na	1.0
BRAF	P15056	673	small GTPase binding	GO:0016279	na	1.0
MYOD1	P15172	4654	transcriptional activator activity, RNA polymerase II distal enhancer sequence-specific binding	GO:0016279	na	1.0
MYOG	P15173	4656	enhancer sequence-specific DNA binding	GO:0016279	na	1.0
B4GALT1	P15291	2683	protein kinase C binding	GO:0016279	na	1.0
ACPP	P15309	55	m7G(5')pppN diphosphatase activity	GO:0016279	na	1.0
EZR	P15311	7430	protein kinase B binding	GO:0016279	na	1.0
ATF2	P15336	1386	protein kinase activator activity	GO:0016279	na	1.0
UCHL3	P15374	7347	NAD binding	GO:0016279	na	1.0
KCNE1	P15382	3753	NAD+ binding	GO:0016279	na	1.0
HPGD	P15428	3248	translation repressor activity, nucleic acid binding	GO:0016279	na	1.0
VAV1	P15498	7409	transmembrane receptor protein tyrosine kinase activity	GO:0016279	na	1.0
NME1	P15531	4830	nitric-oxide synthase regulator activity	GO:0016279	na	1.0
VEGFA	P15692	7422	activating transcription factor binding	GO:0016279	na	1.0
TCF4	P15884	6925	low-density lipoprotein particle binding	GO:0016279	na	1.0
RAG1	P15918	5896	type II transforming growth factor beta receptor binding	GO:0016279	na	1.0
TCF3	P15923	6929	MHC class II protein complex binding	GO:0016279	na	1.0
DSP	P15924	1832	phosphatidylcholine-sterol O-acyltransferase activator activity	GO:0016279	na	1.0
RPA2	P15927	6118	ligand-gated ion channel activity	GO:0016279	na	1.0
GATA1	P15976	2623	acetylcholine-gated cation-selective channel activity	GO:0016279	na	1.0
NQO2	P16083	4835	acetylcholine binding	GO:0016279	na	1.0
SELP	P16109	6403	steroid binding	GO:0016279	na	1.0
CREB1	P16220	1385	TBP-class protein binding	GO:0016279	na	1.0
PDGFRA	P16234	5156	estrogen receptor activity	GO:0016279	na	1.0
NCK1	P16333	4690	mitogen-activated protein kinase kinase binding	GO:0016279	na	1.0
DPEP1	P16444	1800	RAGE receptor binding	GO:0016279	na	1.0
CD36	P16671	948	insulin-like growth factor I binding	GO:0016279	na	1.0
YBX3	P16989	8531	protein kinase C activity	GO:0016279	na	1.0
HMGA1	P17096	3159	arachidonic acid epoxygenase activity	GO:0016279	na	1.0
PRKCA	P17252	5578	interleukin-6 receptor binding	GO:0016279	na	1.0
JUNB	P17275	3726	cAMP response element binding	GO:0016279	na	1.0
GJA1	P17302	2697	poly(U) RNA binding	GO:0016279	na	1.0
NPR3	P17342	4883	ephrin receptor binding	GO:0016279	na	1.0
AKR1C4	P17516	1109	DNA-(apurinic or apyrimidinic site) lyase activity	GO:0016279	na	1.0
TAL1	P17542	6886	transforming growth factor beta binding	GO:0016279	na	1.0
PRKACA	P17612	5566	epinephrine binding	GO:0016279	na	1.0
CEBPB	P17676	1051	single-stranded DNA endodeoxyribonuclease activity	GO:0016279	na	1.0
PTPN2	P17706	5771	G-rich strand telomeric DNA binding	GO:0016279	na	1.0
ENG	P17813	2022	C3HC4-type RING finger domain binding	GO:0016279	na	1.0
DDX5	P17844	1655	double-stranded telomeric DNA binding	GO:0016279	na	1.0
PFKL	P17858	5211	alpha-actinin binding	GO:0016279	na	1.0
XBP1	P17861	7494	dynactin binding	GO:0016279	na	1.0
IGFBP3	P17936	3486	retinoid X receptor binding	GO:0016279	na	1.0
SPI1	P17947	6688	primary miRNA binding	GO:0016279	na	1.0
FLT1	P17948	2321	MutLalpha complex binding	GO:0016279	na	1.0
PTPN1	P18031	5770	transcription factor activity, RNA polymerase II transcription factor binding	GO:0016279	na	1.0
EGR1	P18146	1958	tau-protein kinase activity	GO:0016279	na	1.0
IL1RN	P18510	3557	C2H2 zinc finger domain binding	GO:0016279	na	1.0
RCC1	P18754	1104	AT DNA binding	GO:0016279	na	1.0
ADRA2C	P18825	152	neurotrophin TRKA receptor binding	GO:0016279	na	1.0
ATF3	P18847	467	LBD domain binding	GO:0016279	na	1.0
ATF4	P18848	468	miRNA binding	GO:0016279	na	1.0
ATF6	P18850	22926	mRNA 3'-UTR AU-rich region binding	GO:0016279	na	1.0
GNAZ	P19086	2781	transmembrane receptor protein tyrosine kinase adaptor activity	GO:0016279	na	1.0
GNAT2	P19087	2780	WW domain binding	GO:0016279	na	1.0
PLCG1	P19174	5335	G-quadruplex DNA binding	GO:0016279	na	1.0
TNNI3	P19429	7137	RNA-dependent ATPase activity	GO:0016279	na	1.0
ERCC3	P19447	2071	acetyltransferase activity	GO:0016279	na	1.0
EIF2AK2	P19525	5610	polyubiquitin binding	GO:0016279	na	1.0
WT1	P19544	7490	L-alanine transmembrane transporter activity	GO:0016279	na	1.0
SLC9A1	P19634	6548	ionotropic glutamate receptor binding	GO:0016279	na	1.0
RXRA	P19793	6256	sodium channel inhibitor activity	GO:0016279	na	1.0
AOC1	P19801	26	calmodulin-dependent protein kinase activity	GO:0016279	na	1.0
CEL	P19835	1056	small protein activating enzyme binding	GO:0016279	na	1.0
NFKB1	P19838	4790	3'-5'-exoribonuclease activity	GO:0016279	na	1.0
TBP	P20226	6908	siRNA binding	GO:0016279	na	1.0
NR1D1	P20393	9572	protein-lysine N-methyltransferase activity	GO:0016279	na	1.0
MSH3	P20585	4437				1.0
CAPN3	P20807	825				1.0
HNF1A	P20823	6927				1.0
RASA1	P20936	5921				1.0
CDK11B	P21127	984				1.0
ENDOU	P21128	8909				1.0
ACO1	P21399	48				1.0
ABCB4	P21439	5244				1.0
AGXT	P21549	189				1.0
SYT1	P21579	6857				1.0
TNFAIP3	P21580	7128				1.0
TAF1	P21675	6872				1.0
FGF7	P21781	2252				1.0
FGFR2	P21802	2263				1.0
RYR1	P21817	6261				1.0
ERBB3	P21860	2065				1.0
DRD4	P21917	1815				1.0
FBL	P22087	2091				1.0
ACHE	P22303	43				1.0
SCP2	P22307	6342				1.0
UGT1A1	P22309	54658				1.0
ENPP1	P22413	5167				1.0
USF1	P22415	7391				1.0
FGFR4	P22455	2264				1.0
KCNA5	P22460	3741				1.0
GAL	P22466	51083				1.0
FGFR3	P22607	2261				1.0
HNRNPA2B1	P22626	3181				1.0
CBL	P22681	867				1.0
PRKACB	P22694	5567				1.0
SFPQ	P23246	6421				1.0
PPIB	P23284	5479				1.0
RPS3	P23396	6188				1.0
MYF6	P23409	4618				1.0
JAK1	P23458	3716				1.0
SP100	P23497	6672				1.0
EIF4B	P23588	1975				1.0
ATP2B4	P23634	493				1.0
GATA2	P23769	2624				1.0
GATA3	P23771	2625				1.0
NR2F2	P24468	7026				1.0
POLR2A	P24928	5430				1.0
CDK2	P24941	1017				1.0
APC	P25054	324				1.0
GRK2	P25098	156				1.0
YY1	P25490	7528				1.0
DNAJB1	P25685	3337				1.0
ATP5A1	P25705	498				1.0
MT3	P25713	4504				1.0
CTSS	P25774	1520				1.0
LMO2	P25791	4005				1.0
UCP1	P25874	7350				1.0
DDX6	P26196	1656				1.0
PAX6	P26367	5080				1.0
HMGB2	P26583	3148				1.0
ZFP36	P26651	7538				1.0
ACVR2A	P27037	92				1.0
PON1	P27169	5444				1.0
DPP4	P27487	1803				1.0
ARNT	P27540	405				1.0
APEX1	P27695	328				1.0
CAD	P27708	790				1.0
CALR	P27797	811				1.0
PIK3R1	P27986	5295				1.0
POU1F1	P28069	5449				1.0
ELK4	P28324	2005				1.0
HTR2C	P28335	3358				1.0
TEAD1	P28347	7003				1.0
MAPK1	P28482	5594				1.0
MZF1	P28698	7593				1.0
RXRB	P28702	6257				1.0
ERCC5	P28715	2073				1.0
IMPA1	P29218	3612				1.0
SHC1	P29353	6464				1.0
KDM5A	P29375	5927				1.0
IL12A	P29459	3592				1.0
IL12B	P29460	3593				1.0
NOS3	P29474	4846				1.0
NOS1	P29475	4842				1.0
AQP1	P29972	358				1.0
PRDX6	P30041	9588				1.0
PRDX3	P30048	10935				1.0
ATP5D	P30049	513				1.0
PDIA3	P30101	2923				1.0
BDKRB2	P30411	624				1.0
CLIP1	P30622	6249				1.0
SRI	P30626	6717				1.0
GCH1	P30793	2643				1.0
CORO1A	P31146	11151				1.0
SLC6A4	P31645	6532				1.0
DNAJA1	P31689	3301				1.0
AKT1	P31749	207				1.0
IL2RG	P31785	3561				1.0
CCKBR	P32239	887				1.0
CCR1	P32246	1230				1.0
CCR7	P32248	1236				1.0
CHRNA3	P32297	1136				1.0
GBP1	P32455	2633				1.0
CTH	P32929	1491				1.0
CIITA	P33076	4261				1.0
CYP2C19	P33261	1557				1.0
ABCC1	P33527	4363				1.0
ABCD1	P33897	215				1.0
SHMT1	P34896	6470				1.0
EPHX2	P34913	2053				1.0
RYK	P34925	6259				1.0
BTC	P35070	685				1.0
USP6	P35125	9098				1.0
CTNNB1	P35222	1499				1.0
NOS2	P35228	4843				1.0
PHB	P35232	5245				1.0
RDX	P35241	5962				1.0
OPRM1	P35372	4988				1.0
RORA	P35398	6095				1.0
CBS	P35520	875				1.0
FBN1	P35555	2200				1.0
GCK	P35557	2645				1.0
PCK1	P35558	5105				1.0
IRS1	P35568	3667				1.0
MYH9	P35579	4627				1.0
MYH10	P35580	4628				1.0
ACTN2	P35609	88				1.0
ADD1	P35611	118				1.0
ADD2	P35612	119				1.0
DDIT3	P35638	1649				1.0
ATP7B	P35670	540				1.0
SOX11	P35716	6664				1.0
AHR	P35869	196				1.0
HMGCL	P35914	3155				1.0
KDR	P35968	3791				1.0
GJA5	P36382	2702				1.0
TRIM23	P36406	373				1.0
MAP2K2	P36507	5605				1.0
CHRNA7	P36544	1139				1.0
NUDT1	P36639	4521				1.0
LONP1	P36776	9361				1.0
PPP1CC	P36873	5501				1.0
BMPR1A	P36894	657				1.0
ACVR1B	P36896	91				1.0
TGFBR1	P36897	7046				1.0
SREBF1	P36956	6720				1.0
ACVRL1	P37023	94				1.0
NUP62	P37198	23636				1.0
PPARG	P37231	5468				1.0
ZEB1	P37275	6935				1.0
SNCA	P37840	6622				1.0
BRCA1	P38398	672				1.0
EIF4A3	P38919	9775				1.0
IGHMBP2	P38935	3508				1.0
CDKN1A	P38936	1026				1.0
FEN1	P39748	2237				1.0
MMP12	P39900	4321				1.0
IL6ST	P40189	3572				1.0
ADH7	P40394	131				1.0
STAT3	P40763	6774				1.0
SLC26A3	P40879	1811				1.0
ETV5	P41161	2119				1.0
CASR	P41180	846				1.0
WNT5A	P41221	7474				1.0
NAA10	P41227	8260				1.0
HNF4A	P41235	3172				1.0
PRKCI	P41743	5584				1.0
ELK3	P41970	2004				1.0
STAT1	P42224	6772				1.0
AKR1C3	P42330	8644				1.0
PIK3CA	P42336	5290				1.0
PIK3CB	P42338	5291				1.0
MTOR	P42345	2475				1.0
CASP3	P42574	836				1.0
ABL2	P42684	27				1.0
IL12RB1	P42701	3594				1.0
LRPPRC	P42704	10128				1.0
WAS	P42768	7454				1.0
ECE1	P42892	1889				1.0
SLC1A4	P43007	6509				1.0
PAFAH1B1	P43034	5048				1.0
CTSK	P43235	1513				1.0
MSH2	P43246	4436				1.0
SYK	P43405	6850				1.0
GATA4	P43694	2626				1.0
NKX2-1	P43699	7080				1.0
TNNT3	P45378	7140				1.0
MMP13	P45452	4322				1.0
ABCG1	P45844	9619				1.0
MAPK8	P45983	5599				1.0
RECQL	P46063	5965				1.0
ATRX	P46100	546				1.0
CRK	P46108	1398				1.0
CRKL	P46109	1399				1.0
BAG6	P46379	7917				1.0
NSF	P46459	4905				1.0
CDKN1B	P46527	1027				1.0
BRCC3	P46736	79184				1.0
RPL5	P46777	6125				1.0
NEDD4	P46934	4734				1.0
YAP1	P46937	10413				1.0
IQGAP1	P46940	8826				1.0
PLA2G4A	P47712	5321				1.0
XDH	P47989	7498				1.0
ME1	P48163	4199				1.0
RFX3	P48380	5991				1.0
SOX2	P48431	6657				1.0
SOX9	P48436	6662				1.0
NRIP1	P48552	8204				1.0
GSS	P48637	2937				1.0
PIK3CG	P48736	5294				1.0
NR2C2	P49116	7182				1.0
MAPKAPK2	P49137	9261				1.0
SLC11A2	P49281	4891				1.0
ARRB1	P49407	408				1.0
GLUD2	P49448	2747				1.0
UBE2A	P49459	7319				1.0
CTCF	P49711	10664				1.0
CEBPA	P49715	1050				1.0
COMP	P49747	1311				1.0
PSEN1	P49768	5663				1.0
GSK3B	P49841	2932				1.0
SULT1E1	P49888	6783				1.0
MRE11	P49959	4361				1.0
GNAQ	P50148	2776				1.0
MEOX2	P50222	4223				1.0
SLC26A2	P50443	1836				1.0
ASCL1	P50553	429				1.0
CDK7	P50613	1022				1.0
CDK9	P50750	1025				1.0
ATP1A2	P50993	477				1.0
FXR1	P51114	8087				1.0
DUSP3	P51452	1845				1.0
DNA2	P51530	1763				1.0
SMARCA4	P51532	6597				1.0
BRCA2	P51587	675				1.0
CYP2J2	P51589	1573				1.0
HCFC1	P51610	3054				1.0
IRAK1	P51617	3654				1.0
HSD17B4	P51659	3295				1.0
CCR5	P51681	1234				1.0
KCNQ1	P51787	3784				1.0
CLCN3	P51790	1182				1.0
GPR143	P51810	4935				1.0
NR0B1	P51843	190				1.0
NCBP2	P52298	22916				1.0
MSH6	P52701	2956				1.0
EFNA5	P52803	1946				1.0
DGKQ	P52824	1609				1.0
AKR1C2	P52895	1646				1.0
HMGA2	P52926	8091				1.0
PPP5C	P53041	5536				1.0
PLK1	P53350	5347				1.0
DAPK1	P53355	1612				1.0
BLM	P54132	641				1.0
ATXN3	P54252	4287				1.0
TERF1	P54274	7013				1.0
PMS2	P54278	5395				1.0
PNLIPRP2	P54317	5408				1.0
YARS	P54577	8565				1.0
USP14	P54578	9097				1.0
PRKAG1	P54619	5571				1.0
PRKAA2	P54646	5563				1.0
EPHA4	P54764	2043				1.0
EIF5	P55010	1983				1.0
NR1H2	P55055	7376				1.0
VCP	P55072	7415				1.0
CASP9	P55211	842				1.0
FOXA1	P55317	3169				1.0
PRMT2	P55345	3275				1.0
SNU13	P55769	4809				1.0
RAG2	P55895	5897				1.0
ARPP19	P56211	10776				1.0
HDAC4	P56524	9759				1.0
CAV3	P56539	859				1.0
SIK1	P57059	150094				1.0
RAB38	P57729	23682				1.0
GSDMD	P57764	79792				1.0
FOXL2	P58012	668				1.0
SLC26A5	P58743	375611				1.0
TIRAP	P58753	114609				1.0
PTEN	P60484	5728				1.0
GABARAPL2	P60520	11345				1.0
IL2	P60568	3558				1.0
ACTB	P60709	60				1.0
EIF4A1	P60842	1973				1.0
CDC42	P60953	998				1.0
RAB8A	P61006	4218				1.0
SRP54	P61011	6729				1.0
CXCR4	P61073	7852				1.0
UBE2M	P61081	9040				1.0
UBE2N	P61088	7334				1.0
MAX	P61244	4149				1.0
HAND2	P61296	9464				1.0
ISL1	P61371	3670				1.0
TGFB2	P61812	7042				1.0
WDR5	P61964	11091				1.0
HNRNPK	P61978	3190				1.0
YWHAE	P62258	7531				1.0
SNRPD3	P62318	6634				1.0
ETF1	P62495	2107				1.0
RAN	P62826	5901				1.0
RPL23	P62829	9349				1.0
POLR2L	P62875	5441				1.0
RBX1	P62877	9978				1.0
FKBP1A	P62942	2280				1.0
GRB2	P62993	2885				1.0
RAC1	P63000	5879				1.0
GNAI1	P63096	2770				1.0
SUMO1	P63165	7341				1.0
RACK1	P63244	10399				1.0
UBE2I	P63279	7329				1.0
TNNC1	P63316	7134				1.0
YBX1	P67809	4904				1.0
UBE2L3	P68036	7332				1.0
EEF1A1	P68104	1915				1.0
RNF4	P78317	6047				1.0
CYP4F2	P78329	8529				1.0
DLG4	P78352	1742				1.0
PIP4K2B	P78356	8396				1.0
ABCA4	P78363	24				1.0
PRKDC	P78527	5591				1.0
ADAM17	P78536	6868				1.0
NTHL1	P78549	4913				1.0
SMAD3	P84022	4088				1.0
VLDLR	P98155	7436				1.0
TFAM	Q00059	7019				1.0
PITPNA	Q00169	5306				1.0
CDK5	Q00535	1020				1.0
CLTC	Q00610	1213				1.0
HSF1	Q00613	3297				1.0
MDM2	Q00987	4193				1.0
SPTBN1	Q01082	6711				1.0
INSM1	Q01101	3642				1.0
FOXK2	Q01167	3607				1.0
RELB	Q01201	5971				1.0
SLC7A5	Q01650	8140				1.0
TFAP4	Q01664	7023				1.0
CACNA1D	Q01668	776				1.0
POU4F1	Q01851	5457				1.0
POU5F1	Q01860	5460				1.0
OCRL	Q01968	4952				1.0
MEF2A	Q02078	4205				1.0
PRKCE	Q02156	5581				1.0
NRG1	Q02297	3084				1.0
MAP2K1	Q02750	5604				1.0
MAP3K10	Q02779	4294				1.0
HHEX	Q03014	3087				1.0
CAV1	Q03135	857				1.0
KMT2A	Q03164	4297				1.0
TGFBR3	Q03167	7049				1.0
PPARD	Q03181	5467				1.0
ERCC6	Q03468	2074				1.0
TAP1	Q03518	6890				1.0
TAP2	Q03519	6891				1.0
HSF2	Q03933	3298				1.0
ARID5A	Q03989	10865				1.0
RELA	Q04206	5970				1.0
UBXN1	Q04323	51035				1.0
EIF4G1	Q04637	1981				1.0
ATP7A	Q04656	538				1.0
ACVR1	Q04771	90				1.0
AKR1C1	Q04828	1645				1.0
CHRNE	Q04844	1145				1.0
MXD1	Q05195	4084				1.0
PTK2	Q05397	5747				1.0
GRIN1	Q05586	2902				1.0
PRKCD	Q05655	5580				1.0
PTPN11	Q06124	5781				1.0
RBPJ	Q06330	3516				1.0
MEF2C	Q06413	4208				1.0
GABPA	Q06546	2551				1.0
RAD51	Q06609	5888				1.0
PAX8	Q06710	7849				1.0
FMR1	Q06787	2332				1.0
SOX4	Q06945	6659				1.0
C1QBP	Q07021	708				1.0
KHDRBS1	Q07666	10657				1.0
SCN1B	Q07699	6324				1.0
PPARA	Q07869	5465				1.0
TNK2	Q07912	10188				1.0
LRP1	Q07954	4035				1.0
DHX9	Q08211	1660				1.0
CACNB2	Q08289	783				1.0
ADCY2	Q08462	108				1.0
PDE4D	Q08499	5144				1.0
PPID	Q08752	5481				1.0
ACSM1	Q08AH1	116285				1.0
RBBP4	Q09028	5928				1.0
KCNA1	Q09470	3736				1.0
EP300	Q09472	2033				1.0
GTF3C1	Q12789	2975				1.0
TWF1	Q12792	5756				1.0
AKAP13	Q12802	11214				1.0
KCNH2	Q12809	3757				1.0
SMARCB1	Q12824	6598				1.0
POU4F2	Q12837	5458				1.0
MAP3K12	Q12852	7786				1.0
CHD3	Q12873	1107				1.0
FAP	Q12884	2191				1.0
HYAL2	Q12891	8692				1.0
PTPRJ	Q12913	5795				1.0
TRAF2	Q12933	7186				1.0
FOXF1	Q12946	2294				1.0
FOXF2	Q12947	2295				1.0
FOXC1	Q12948	2296				1.0
FOXI1	Q12951	2299				1.0
FOXL1	Q12952	2300				1.0
DLG1	Q12959	1739				1.0
TAF10	Q12962	6881				1.0
MYO1E	Q12965	4643				1.0
GRIK3	Q13003	2899				1.0
STK4	Q13043	6789				1.0
TRIM32	Q13049	22954				1.0
ZBTB17	Q13105	7709				1.0
TRAF3	Q13114	7187				1.0
REST	Q13127	5978				1.0
NR1H3	Q13133	10062				1.0
PAK2	Q13177	5062				1.0
STK3	Q13188	6788				1.0
MAP3K1	Q13233	4214				1.0
TRIM28	Q13263	10155				1.0
NR5A1	Q13285	2516				1.0
IFIT5	Q13325	24138				1.0
MTA1	Q13330	9112				1.0
PTPRS	Q13332	5802				1.0
PDE3B	Q13370	5140				1.0
NNT	Q13423	23530				1.0
ADAM9	Q13443	8754				1.0
MYO9B	Q13459	4650				1.0
SMAD4	Q13485	4089				1.0
BIRC2	Q13490	329				1.0
MTM1	Q13496	4534				1.0
SQSTM1	Q13501	8878				1.0
PIN1	Q13526	5300				1.0
RIPK1	Q13546	8737				1.0
HDAC1	Q13547	3065				1.0
CAMK2G	Q13555	818				1.0
CAMK2D	Q13557	817				1.0
NEUROD1	Q13562	4760				1.0
PKD2	Q13563	5311				1.0
TDG	Q13569	6996				1.0
ITPK1	Q13572	3705				1.0
SNW1	Q13573	22938				1.0
IQGAP2	Q13576	10788				1.0
SNX1	Q13596	6642				1.0
CUL3	Q13618	8452				1.0
DYRK1A	Q13627	1859				1.0
RAB32	Q13637	10981				1.0
ALKBH1	Q13686	8846				1.0
DDX39B	Q13838	7919				1.0
GTF2H2	Q13888	2966				1.0
GTF2H3	Q13889	2967				1.0
CACNA1C	Q13936	775				1.0
CDK13	Q14004	8621				1.0
BAAT	Q14032	570				1.0
DAG1	Q14118	1605				1.0
IKBKE	Q14164	9641				1.0
WRN	Q14191	7486				1.0
TRIM25	Q14258	7706				1.0
PTK2B	Q14289	2185				1.0
GNA13	Q14344	10672				1.0
GAS6	Q14393	2621				1.0
HES1	Q14469	3280				1.0
SCN5A	Q14524	6331				1.0
DMC1	Q14565	11144				1.0
ITPR3	Q14573	3710				1.0
ITPR1	Q14643	3708				1.0
KCNJ11	Q14654	3767				1.0
NCOA6	Q14686	23054				1.0
CASP8	Q14790	841				1.0
MEF2D	Q14814	4209				1.0
GRM7	Q14831	2917				1.0
CHD4	Q14839	1108				1.0
ARID5B	Q14865	84159				1.0
MTF1	Q14872	4520				1.0
CRYM	Q14894	1428				1.0
MYBPC3	Q14896	4607				1.0
GPNMB	Q14956	10457				1.0
NUMA1	Q14980	4926				1.0
SART3	Q15020	9733				1.0
EIF4H	Q15056	7458				1.0
KIF14	Q15058	9928				1.0
CDK5R1	Q15078	8851				1.0
STK38	Q15208	11329				1.0
PTPA	Q15257	5524				1.0
ERBB4	Q15303	2066				1.0
RALBP1	Q15311	10928				1.0
ZMYND11	Q15326	10771				1.0
ANKRD1	Q15327	27063				1.0
NR6A1	Q15406	2649				1.0
SIX1	Q15475	6495				1.0
TAF7	Q15545	6879				1.0
TERF2	Q15554	7014				1.0
TEAD2	Q15562	8463				1.0
NCOA2	Q15596	10499				1.0
TARBP2	Q15633	6895				1.0
OASL	Q15646	8638				1.0
MED1	Q15648	5469				1.0
TRIP4	Q15650	9325				1.0
ELAVL1	Q15717	1994				1.0
NCOA1	Q15788	8648				1.0
SMAD2	Q15796	4087				1.0
SMAD1	Q15797	4086				1.0
USF2	Q15853	7392				1.0
RAB11B	Q15907	9230				1.0
EZH2	Q15910	2146				1.0
ETFDH	Q16134	2110				1.0
NFE2L2	Q16236	4780				1.0
EXT1	Q16394	2131				1.0
PKN1	Q16512	5585				1.0
PKN2	Q16513	5586				1.0
TAF12	Q16514	6883				1.0
RPE65	Q16518	6121				1.0
CRY1	Q16526	1407				1.0
HLF	Q16534	3131				1.0
MAPK14	Q16539	1432				1.0
MAP3K11	Q16584	4296				1.0
TAF9	Q16594	6880				1.0
FXN	Q16595	2395				1.0
NFE2	Q16621	4778				1.0
NFIL3	Q16649	4783				1.0
HIF1A	Q16665	3091				1.0
IFI16	Q16666	3428				1.0
FOXD1	Q16676	2297				1.0
KYAT1	Q16773	883				1.0
AOC3	Q16853	8639				1.0
CPEB4	Q17RY0	80315				1.0
CCDC88A	Q3V6T2	55704				1.0
SLC36A2	Q495M3	153201				1.0
SLC36A3	Q495N2	285641				1.0
CRY2	Q49AN0	1408				1.0
SLC22A6	Q4U2R8	9356				1.0
SETMAR	Q53H47	6419				1.0
ZC3H12A	Q5D1E8	80149				1.0
LRRK2	Q5S007	120892				1.0
LDLRAP1	Q5SW96	26119				1.0
SNAPC4	Q5SXM2	6621				1.0
FAM83B	Q5T0W9	222584				1.0
ARHGEF16	Q5VV41	27237				1.0
MYSM1	Q5VVJ2	114803				1.0
YOD1	Q5VVQ6	55432				1.0
DAB2IP	Q5VWQ8	153090				1.0
RRAGB	Q5VZM2	10325				1.0
ANO1	Q5XXA6	55107				1.0
MAP1S	Q66K74	55201				1.0
E4F1	Q66K89	1877				1.0
CREB3L3	Q68CJ9	84699				1.0
TWF2	Q6IBS0	11344				1.0
GRHL2	Q6ISB3	79977				1.0
ZNF746	Q6NUN9	155061				1.0
JMJD6	Q6NYC1	23210				1.0
MAST2	Q6P0Q8	23139				1.0
ERAP2	Q6P179	64167				1.0
PPIP5K1	Q6PFW1	9677				1.0
DARS2	Q6PI48	55157				1.0
LARP1	Q6PKG0	23367				1.0
APOA5	Q6Q788	116519				1.0
MTHFD1L	Q6UB35	25902				1.0
KDM7A	Q6ZMT4	80853				1.0
HFE2	Q6ZVN8	148738				1.0
SLC24A5	Q71RS6	283652				1.0
MARK2	Q7KZI7	2011				1.0
RRAGA	Q7L523	10670				1.0
TAOK1	Q7L7X3	57551				1.0
SLC26A9	Q7LBE3	115019				1.0
SCX	Q7RTU7	642658				1.0
APTX	Q7Z2E3	54840				1.0
SLC36A1	Q7Z2H8	206358				1.0
CPEB2	Q7Z5Q1	132864				1.0
MTDH	Q86UE4	92140				1.0
ABCA12	Q86UK0	26154				1.0
SLC25A42	Q86VD7	284439				1.0
SESTD1	Q86VW0	91404				1.0
SLC26A11	Q86WA9	284129				1.0
SKAP1	Q86WV1	8631				1.0
CARM1	Q86X55	10498				1.0
DZIP3	Q86Y13	9666				1.0
PPARGC1B	Q86YN6	133522				1.0
KLB	Q86Z14	152831				1.0
AEBP1	Q8IUX7	165				1.0
ERI1	Q8IV48	90459				1.0
RASGRP3	Q8IV61	25780				1.0
SLC22A9	Q8IVM8	114571				1.0
BRSK2	Q8IWQ3	9024				1.0
CCAR1	Q8IX12	55749				1.0
DNAJC10	Q8IXB1	54431				1.0
SIRT2	Q8IXJ6	22933				1.0
SLX4	Q8IY92	84464				1.0
SUPV3L1	Q8IYB8	6832				1.0
XRN1	Q8IZH2	54464				1.0
MYOCD	Q8IZQ8	93649				1.0
TAF1L	Q8IZX4	138474				1.0
ABCA7	Q8IZY2	10347				1.0
RPTOR	Q8N122	57521				1.0
COMMD1	Q8N668	150684				1.0
SIRT6	Q8N6T7	51548				1.0
ENDOV	Q8N8Q3	284131				1.0
KDM1B	Q8NB78	221656				1.0
PCSK9	Q8NBP7	255738				1.0
MINDY2	Q8NBR6	54629				1.0
CPEB3	Q8NE35	22849				1.0
TRPV1	Q8NER1	7442				1.0
MYO3A	Q8NEV4	53904				1.0
SLC24A4	Q8NFF2	123041				1.0
NUDT10	Q8NFP7	170685				1.0
FBXO18	Q8NFZ0	84893				1.0
SLC26A10	Q8NG04	65012				1.0
LILRB1	Q8NHL6	10859				1.0
CTCFL	Q8NI51	140690				1.0
KIF18A	Q8NI77	81930				1.0
NEIL3	Q8TAT5	55247				1.0
PIFO	Q8TCI5	128344				1.0
PNPT1	Q8TCS8	87178				1.0
PREX1	Q8TCU6	57580				1.0
MRAP	Q8TCY5	56246				1.0
BRSK1	Q8TDC3	84446				1.0
CSGALNACT1	Q8TDX6	55790				1.0
MICAL1	Q8TDZ2	64780				1.0
SLC26A7	Q8TE54	115111				1.0
EPS8L1	Q8TE68	54869				1.0
GEMIN5	Q8TEQ6	25929				1.0
USP33	Q8TEY7	23032				1.0
SCARB1	Q8WTV0	949				1.0
FRS2	Q8WU20	10818				1.0
HDAC7	Q8WUI4	51564				1.0
CANT1	Q8WVQ1	124583				1.0
ZFPM2	Q8WW38	23414				1.0
STAB2	Q8WWQ8	55576				1.0
DGCR8	Q8WYQ5	54487				1.0
TTN	Q8WZ42	7273				1.0
TFAP2B	Q92481	7021				1.0
DDX1	Q92499	1653				1.0
TRIB2	Q92519	28951				1.0
IP6K1	Q92551	9807				1.0
MYO18A	Q92614	399687				1.0
ZNF516	Q92618	9658				1.0
DYRK2	Q92630	8445				1.0
ESR2	Q92731	2100				1.0
RYR2	Q92736	6262				1.0
TFAP2C	Q92754	7022				1.0
GTF2H4	Q92759	2968				1.0
HDAC2	Q92769	3066				1.0
PROX1	Q92786	5629				1.0
CREBBP	Q92793	1387				1.0
KAT6A	Q92794	7994				1.0
DLG3	Q92796	1741				1.0
KAT2A	Q92830	2648				1.0
KAT2B	Q92831	8850				1.0
DDX17	Q92841	10521				1.0
CASP10	Q92851	843				1.0
RAD50	Q92878	10111				1.0
NEUROG1	Q92886	4762				1.0
ERCC4	Q92889	2072				1.0
COPS5	Q92905	10987				1.0
GATA6	Q92908	2627				1.0
FOXJ1	Q92949	2302				1.0
ARHGEF2	Q92974	9181				1.0
KAT5	Q92993	10524				1.0
USP13	Q92995	8975				1.0
RBPMS	Q93062	11030				1.0
EXT2	Q93063	2132				1.0
MED12	Q93074	9968				1.0
P2RX5	Q93086	5026				1.0
SMARCE1	Q969G3	6605				1.0
FBXW7	Q969H0	55294				1.0
MKL1	Q969V6	57591				1.0
ISG20	Q96AZ6	3669				1.0
NACC2	Q96BF6	138151				1.0
SGK3	Q96BR1	23678				1.0
ALKBH8	Q96BT7	91801				1.0
SYTL4	Q96C24	94121				1.0
NUDT16	Q96DE0	131870				1.0
SIRT1	Q96EB6	23411				1.0
MCRS1	Q96EZ8	10445				1.0
DDX11	Q96FC9	1663				1.0
BICD1	Q96G01	636				1.0
MRAP2	Q96G30	112609				1.0
NUDT11	Q96G61	55190				1.0
MED30	Q96HR3	90390				1.0
PGAM5	Q96HS1	192111				1.0
EHMT2	Q96KQ7	10919				1.0
MARK4	Q96L34	57787				1.0
NSD1	Q96L73	64324				1.0
KIF16B	Q96L93	55614				1.0
PRMT6	Q96LA8	55170				1.0
PACRG	Q96M98	135138				1.0
IP6K3	Q96PC2	117283				1.0
NOX5	Q96PH1	79400				1.0
TRERF1	Q96PN7	55809				1.0
NEDD4L	Q96PU5	23327				1.0
ALS2	Q96Q42	57679				1.0
KIF20B	Q96Q89	9585				1.0
NR1H4	Q96RI1	9971				1.0
BBS4	Q96RK4	585				1.0
SLC26A8	Q96RN1	116369				1.0
TRIB3	Q96RU7	57761				1.0
TRIB1	Q96RU8	10221				1.0
SRPK1	Q96SB4	6732				1.0
DCLRE1C	Q96SD1	64421				1.0
SIN3A	Q96ST3	25942				1.0
PNKP	Q96T60	11284				1.0
UHRF1	Q96T88	29128				1.0
HBEGF	Q99075	1839				1.0
TCF12	Q99081	6938				1.0
ACOX2	Q99424	8309				1.0
CDC5L	Q99459	988				1.0
PARK7	Q99497	11315				1.0
GPER1	Q99527	2852				1.0
MAP3K14	Q99558	9020				1.0
P2RX4	Q99571	5025				1.0
P2RX7	Q99572	5027				1.0
MNT	Q99583	4335				1.0
S100A13	Q99584	6284				1.0
SLC38A3	Q99624	10991				1.0
CHP1	Q99653	11261				1.0
MAP3K5	Q99683	4217				1.0
BARD1	Q99728	580				1.0
CCL19	Q99731	6363				1.0
PIP5K1A	Q99755	8394				1.0
NKX3-1	Q99801	4824				1.0
EPAS1	Q99814	2034				1.0
CPNE1	Q99829	8904				1.0
PRMT1	Q99873	3276				1.0
FOXC2	Q99958	2303				1.0
PKP2	Q99959	5318				1.0
CITED1	Q99966	4435				1.0
CITED2	Q99967	10370				1.0
VRK1	Q99986	7443				1.0
MAPKAP1	Q9BPZ7	79109				1.0
JPH2	Q9BR39	57158				1.0
ZKSCAN3	Q9BRR0	80317				1.0
INPP5K	Q9BT40	51763				1.0
SYT11	Q9BT88	23208				1.0
DHRS4	Q9BTZ2	10901				1.0
DERL1	Q9BUN8	79139				1.0
TRAF4	Q9BUZ4	9618				1.0
PHF20	Q9BVI0	51230				1.0
RBM4	Q9BWF3	5936				1.0
GATA5	Q9BWX5	140628				1.0
PINK1	Q9BXM7	65018				1.0
SLC26A6	Q9BXS9	65010				1.0
EIF2A	Q9BY44	83939				1.0
ACE2	Q9BYF1	59272				1.0
CPEB1	Q9BZB8	64506				1.0
RTN4R	Q9BZR6	65078				1.0
FOXP3	Q9BZS1	50943				1.0
TRIM5	Q9C035	85363				1.0
FTO	Q9C0B1	79068				1.0
UBE2O	Q9C0C9	63893				1.0
BHLHE41	Q9C0J9	79365				1.0
NMUR2	Q9GZQ4	56923				1.0
SRR	Q9GZT4	63826				1.0
LHPP	Q9H008	64077				1.0
SLC22A4	Q9H015	6583				1.0
NAT10	Q9H0A0	55226				1.0
XRN2	Q9H0D6	22803				1.0
TOLLIP	Q9H0E2	54472				1.0
RACGAP1	Q9H0H5	29127				1.0
OSBPL5	Q9H0X9	114879				1.0
GZF1	Q9H116	64412				1.0
ISCU	Q9H1K1	23479				1.0
ABCG8	Q9H221	64241				1.0
ABCG5	Q9H222	64240				1.0
SPTBN4	Q9H254	57731				1.0
SLC26A1	Q9H2B4	10861				1.0
RAB3GAP2	Q9H2M9	25782				1.0
DHX36	Q9H2U1	170506				1.0
MIXL1	Q9H2W2	83881				1.0
HIPK2	Q9H2X6	28996				1.0
TP63	Q9H3D4	8626				1.0
KDM4C	Q9H3R0	23081				1.0
WNK1	Q9H4A3	65125				1.0
RNPEP	Q9H4A4	6051				1.0
PIF1	Q9H611	80119				1.0
YTHDC2	Q9H6S0	64848				1.0
KAT8	Q9H7Z6	84148				1.0
ECT2	Q9H8V3	1894				1.0
EHMT1	Q9H9B1	79813				1.0
SAP30L	Q9HAJ7	79685				1.0
XPO5	Q9HAV4	57510				1.0
UGT1A7	Q9HAW7	54577				1.0
UGT1A10	Q9HAW8	54575				1.0
UGT1A8	Q9HAW9	54576				1.0
RRAGC	Q9HB90	64121				1.0
TRPV4	Q9HBA0	59341				1.0
TAF9B	Q9HBM6	51616				1.0
SGK2	Q9HBY8	10110				1.0
APOBEC3G	Q9HC16	60489				1.0
NOD2	Q9HC29	64127				1.0
SLC24A3	Q9HC58	57419				1.0
NEK6	Q9HC98	10783				1.0
SMURF1	Q9HCE7	57154				1.0
SYTL2	Q9HCH5	54843				1.0
CHD8	Q9HCK8	57680				1.0
PDE11A	Q9HCR9	50940				1.0
RANGRF	Q9HD47	29098				1.0
MYO10	Q9HD67	4651				1.0
ABCB6	Q9NP58	10058				1.0
GCM1	Q9NP62	8521				1.0
MLXIPL	Q9NP71	51085				1.0
ABCB9	Q9NP78	23457				1.0
FGF20	Q9NP95	26281				1.0
ADAP2	Q9NPF8	55803				1.0
NOX4	Q9NPH5	50507				1.0
MED4	Q9NPJ6	29079				1.0
NLRC4	Q9NPP4	58484				1.0
ATP13A2	Q9NQ11	23400				1.0
HEYL	Q9NQ87	26508				1.0
TCF7L2	Q9NQB0	6934				1.0
CYLD	Q9NQC7	1540				1.0
RRAGD	Q9NQL2	58528				1.0
KMT5A	Q9NQR1	387893				1.0
PRDM5	Q9NQX1	11107				1.0
PRMT8	Q9NR22	56341				1.0
DDX21	Q9NR30	9188				1.0
TLR9	Q9NR96	54106				1.0
SPTBN5	Q9NRC6	51332				1.0
PICK1	Q9NRD5	9463				1.0
SMYD2	Q9NRG4	56950				1.0
DROSHA	Q9NRR4	29102				1.0
ARHGAP35	Q9NRY4	2909				1.0
TOPORS	Q9NS56	10210				1.0
KCNIP2	Q9NS61	30819				1.0
LANCL2	Q9NS86	55915				1.0
RAD18	Q9NS91	56852				1.0
SALL1	Q9NSC2	6299				1.0
PNPLA3	Q9NST1	80339				1.0
TREX1	Q9NSU2	11277				1.0
POT1	Q9NUX5	25913				1.0
SLC38A7	Q9NVC3	55238				1.0
MED17	Q9NVC6	9440				1.0
ARL8B	Q9NVJ2	55207				1.0
PRMT7	Q9NVM4	54496				1.0
MTPAP	Q9NVV4	55149				1.0
HIF1AN	Q9NWT6	55662				1.0
THG1L	Q9NWX6	54974				1.0
SIRT5	Q9NXA8	23408				1.0
SPHK1	Q9NYA1	8877				1.0
ABI2	Q9NYB9	10152				1.0
MAP3K20	Q9NYL2	51776				1.0
ERAP1	Q9NZ08	51752				1.0
GRHL1	Q9NZI5	29841				1.0
IGF2BP1	Q9NZI8	10642				1.0
EIF2AK3	Q9NZJ5	9451				1.0
NUDT4	Q9NZJ9	11163				1.0
ADA2	Q9NZK5	51816				1.0
VAPA	Q9P0L0	9218				1.0
MARK1	Q9P0L2	4139				1.0
PKD2L1	Q9P0L9	9033				1.0
ZBTB4	Q9P1Z0	57659				1.0
CALCOCO1	Q9P1Z2	57658				1.0
PLCE1	Q9P212	51196				1.0
RCC2	Q9P258	55920				1.0
STK26	Q9P289	51765				1.0
MBD2	Q9UBB5	8932				1.0
SAE1	Q9UBE0	10055				1.0
NLK	Q9UBE8	51701				1.0
XPR1	Q9UBH6	9213				1.0
PPARGC1A	Q9UBK2	10891				1.0
MTRR	Q9UBK8	4552				1.0
HDAC6	Q9UBN7	10013				1.0
HEY2	Q9UBP5	23493				1.0
GRHPR	Q9UBQ7	9380				1.0
UBA2	Q9UBT2	10054				1.0
ZMYM2	Q9UBW7	7750				1.0
SLC25A10	Q9UBX3	1468				1.0
PPP1R1B	Q9UD71	84152				1.0
MALT1	Q9UDY8	10892				1.0
KL	Q9UEF7	9365				1.0
DAXX	Q9UER7	1616				1.0
PRKAG2	Q9UGJ0	51422				1.0
KDM5B	Q9UGL1	10765				1.0
MLX	Q9UH92	6945				1.0
IP6K2	Q9UHH9	51447				1.0
SLC7A8	Q9UHI5	23428				1.0
SLC23A1	Q9UHI7	9963				1.0
NUFIP1	Q9UHK0	26747				1.0
USP25	Q9UHP3	29761				1.0
MED13	Q9UHV7	9969				1.0
SLC24A2	Q9UI40	25769				1.0
MUTYH	Q9UIF7	4595				1.0
ATPIF1	Q9UII2	93974				1.0
CNOT7	Q9UIV1	29883				1.0
SLC25A13	Q9UJS0	10165				1.0
LEF1	Q9UJU2	51176				1.0
USP21	Q9UK80	27005				1.0
PITPNC1	Q9UKF7	26207				1.0
NUDT5	Q9UKK9	11164				1.0
CASP8AP2	Q9UKL3	9994				1.0
IKZF3	Q9UKT9	22806				1.0
HDAC9	Q9UKV0	9734				1.0
AMFR	Q9UKV5	267				1.0
AGO2	Q9UKV8	27161				1.0
AGO1	Q9UL18	26523				1.0
ZMYND8	Q9ULU4	23613				1.0
FZD4	Q9ULV1	8322				1.0
CBLC	Q9ULV8	23624				1.0
STAP1	Q9ULZ2	26228				1.0
PYCARD	Q9ULZ3	29108				1.0
PADI4	Q9UM07	23569				1.0
MYO6	Q9UM54	4646				1.0
STUB1	Q9UNE7	10273				1.0
FAF1	Q9UNN5	11124				1.0
ABCG2	Q9UNQ0	9429				1.0
MINPP1	Q9UNW1	9562				1.0
PLA2G4C	Q9UP65	8605				1.0
MACF1	Q9UPN3	23499				1.0
PHF8	Q9UPP1	23133				1.0
SMG5	Q9UPR3	23381				1.0
USP22	Q9UPT9	23326				1.0
DICER1	Q9UPY3	23405				1.0
EXO1	Q9UQ84	9156				1.0
HDAC5	Q9UQL6	10014				1.0
CAMK2A	Q9UQM7	815				1.0
MTMR6	Q9Y217	9107				1.0
DMTF1	Q9Y222	9988				1.0
RUVBL2	Q9Y230	10856				1.0
PDE10A	Q9Y233	10846				1.0
FOXA2	Q9Y261	3170				1.0
ATF5	Q9Y2D1	22809				1.0
RPH3A	Q9Y2J0	22895				1.0
FAN1	Q9Y2M0	22909				1.0
PTPN22	Q9Y2R2	26191				1.0
THRAP3	Q9Y2W1	9967				1.0
MED16	Q9Y2X0	10025				1.0
ZNF281	Q9Y2X9	23528				1.0
YARS2	Q9Y2Z4	51067				1.0
FBXO7	Q9Y3I1	25793				1.0
SAMHD1	Q9Y3Z3	25939				1.0
TLN1	Q9Y490	7094				1.0
KDM3A	Q9Y4C1	55818				1.0
WASHC2C	Q9Y4E1	253725				1.0
USP15	Q9Y4E8	9958				1.0
RAPGEF2	Q9Y4G8	9693				1.0
IRS2	Q9Y4H2	8660				1.0
TRAF6	Q9Y4K3	7189				1.0
MMACHC	Q9Y4U1	25974				1.0
ARIH1	Q9Y4X5	25820				1.0
NEUROG3	Q9Y4Z2	50674				1.0
SHANK1	Q9Y566	50944				1.0
PPME1	Q9Y570	51400				1.0
PHLDA3	Q9Y5J5	23612				1.0
SNX9	Q9Y5X1	51429				1.0
NR2E3	Q9Y5X4	10002				1.0
IRAK3	Q9Y616	11213				1.0
ARFGEF1	Q9Y6D6	10565				1.0
IKBKG	Q9Y6K9	8517				1.0
NCOA3	Q9Y6Q9	8202				1.0
SCIN	Q9Y6U3	85477				1.0
